Workbook

Sheet Menu
B4: Matin | C4: Midi | D4: Soir
A5: Semaine 1
A6: Lundi | B6: Œuf, Avoine, Fromage blanc, Pomme | C6: =D20 -> Poulet moutarde, pommes de terre & carottes | D6: Chili haricots rouges & riz
A7: Mardi | B7: Œuf, Avoine, Fromage blanc, Pomme | C7: =D6 -> Chili haricots rouges & riz | D7: Poulet curry, carottes & riz
A8: Mercredi | B8: Œuf, Avoine, Fromage blanc, Pomme | C8: =D7 -> Poulet curry, carottes & riz | D8: Pâtes au thon, tomate & épinards
A9: Jeudi | B9: Œuf, Avoine, Fromage blanc, Pomme | C9: =D8 -> Pâtes au thon, tomate & épinards | D9: Dhal lentilles corail, carottes & riz
A10: Vendredi | B10: Œuf, Avoine, Fromage blanc, Pomme | C10: =D9 -> Dhal lentilles corail, carottes & riz | D10: Semoule, pois chiches & légumes
A11: Samedi | B11: Œuf, Avoine, Fromage blanc, Pomme | C11: =D10 -> Semoule, pois chiches & légumes | D11: Poulet, pommes de terre & haricots verts
A12: Dimanche | B12: Œuf, Avoine, Fromage blanc, Pomme | C12: =D11 -> Poulet, pommes de terre & haricots verts | D12: Bolognaise de lentilles & pâtes
A13: Semaine 2
A14: Lundi | B14: Œuf, Avoine, Fromage blanc, Pomme | C14: =D12 -> Bolognaise de lentilles & pâtes | D14: Poulet curry, carottes & riz
A15: Mardi | B15: Œuf, Avoine, Fromage blanc, Pomme | C15: =D14 -> Poulet curry, carottes & riz | D15: Riz au poulet, tomate & petits pois
A16: Mercredi | B16: Œuf, Avoine, Fromage blanc, Pomme | C16: =D15 -> Riz au poulet, tomate & petits pois | D16: Pâtes pois chiches, tomate & épinards
A17: Jeudi | B17: Œuf, Avoine, Fromage blanc, Pomme | C17: =D16 -> Pâtes pois chiches, tomate & épinards | D17: Riz lentilles corail, petits pois & carottes
A18: Vendredi | B18: Œuf, Avoine, Fromage blanc, Pomme | C18: =D17 -> Riz lentilles corail, petits pois & carottes | D18: Filet de poisson blanc, pommes de terre & haricots verts
A19: Samedi | B19: Œuf, Avoine, Fromage blanc, Pomme | C19: =D18 -> Filet de poisson blanc, pommes de terre & haricots verts | D19: Lentilles vertes, tomate & pommes de terre
A20: Dimanche | B20: Œuf, Avoine, Fromage blanc, Pomme | C20: =D19 -> Lentilles vertes, tomate & pommes de terre | D20: Poulet moutarde, pommes de terre & carottes

Sheet Repas prévus
A1: Courses — repas prévus et liste calculée
A2: Les colonnes « prévu ? » sont de vrais booléens TRUE/FALSE. Le prix réel €/kg est saisi uniquement dans Ingrédients et repris automatiquement ici.
A4: Semaine | B4: Date | C4: Petit-déjeuner | D4: Déjeuner (auto) | E4: Dîner | F4: Note | G4: B | H4: L | I4: D | M4: Menu de la semaine | U4: Menu réel après planification
A5: Semaine 1 | B5: 46279 | C5: FALSE | D5: TRUE | E5: FALSE | G5: =IF(C5,1,0) -> 0 | H5: =IF(D5,1,0) -> 1 | I5: =IF(E5,1,0) -> 0 | M5: {=Menu!B6:D12} -> Œuf, Avoine, Fromage blanc, Pomme | N5: Poulet moutarde, pommes de terre & carottes | O5: Chili haricots rouges & riz | U5: {=IF(C5:E18,M5:O18,"")} | V5: Poulet moutarde, pommes de terre & carottes
A6: Semaine 1 | B6: 46280 | C6: FALSE | D6: FALSE | E6: TRUE | G6: =IF(C6,1,0) -> 0 | H6: =IF(D6,1,0) -> 0 | I6: =IF(E6,1,0) -> 1 | M6: Œuf, Avoine, Fromage blanc, Pomme | N6: Chili haricots rouges & riz | O6: Poulet curry, carottes & riz | W6: Poulet curry, carottes & riz
A7: Semaine 1 | B7: 46281 | C7: FALSE | D7: TRUE | E7: TRUE | G7: =IF(C7,1,0) -> 0 | H7: =IF(D7,1,0) -> 1 | I7: =IF(E7,1,0) -> 1 | M7: Œuf, Avoine, Fromage blanc, Pomme | N7: Poulet curry, carottes & riz | O7: Pâtes au thon, tomate & épinards | V7: Poulet curry, carottes & riz | W7: Pâtes au thon, tomate & épinards
A8: Semaine 1 | B8: 46282 | C8: FALSE | D8: TRUE | E8: TRUE | G8: =IF(C8,1,0) -> 0 | H8: =IF(D8,1,0) -> 1 | I8: =IF(E8,1,0) -> 1 | M8: Œuf, Avoine, Fromage blanc, Pomme | N8: Pâtes au thon, tomate & épinards | O8: Dhal lentilles corail, carottes & riz | V8: Pâtes au thon, tomate & épinards | W8: Dhal lentilles corail, carottes & riz
A9: Semaine 1 | B9: 46283 | C9: FALSE | D9: TRUE | E9: TRUE | G9: =IF(C9,1,0) -> 0 | H9: =IF(D9,1,0) -> 1 | I9: =IF(E9,1,0) -> 1 | M9: Œuf, Avoine, Fromage blanc, Pomme | N9: Dhal lentilles corail, carottes & riz | O9: Semoule, pois chiches & légumes | V9: Dhal lentilles corail, carottes & riz | W9: Semoule, pois chiches & légumes
A10: Semaine 1 | B10: 46284 | C10: FALSE | D10: TRUE | E10: FALSE | G10: =IF(C10,1,0) -> 0 | H10: =IF(D10,1,0) -> 1 | I10: =IF(E10,1,0) -> 0 | M10: Œuf, Avoine, Fromage blanc, Pomme | N10: Semoule, pois chiches & légumes | O10: Poulet, pommes de terre & haricots verts | V10: Semoule, pois chiches & légumes
A11: Semaine 1 | B11: 46285 | C11: FALSE | D11: FALSE | E11: TRUE | G11: =IF(C11,1,0) -> 0 | H11: =IF(D11,1,0) -> 0 | I11: =IF(E11,1,0) -> 1 | M11: Œuf, Avoine, Fromage blanc, Pomme | N11: Poulet, pommes de terre & haricots verts | O11: Bolognaise de lentilles & pâtes | W11: Bolognaise de lentilles & pâtes
A12: Semaine 2 | B12: 46286 | C12: TRUE | D12: TRUE | E12: TRUE | G12: =IF(C12,1,0) -> 1 | H12: =IF(D12,1,0) -> 1 | I12: =IF(E12,1,0) -> 1 | M12: {=Menu!B14:D20} -> Œuf, Avoine, Fromage blanc, Pomme | N12: Bolognaise de lentilles & pâtes | O12: Poulet curry, carottes & riz | U12: Œuf, Avoine, Fromage blanc, Pomme | V12: Bolognaise de lentilles & pâtes | W12: Poulet curry, carottes & riz
A13: Semaine 2 | B13: 46287 | C13: TRUE | D13: TRUE | E13: TRUE | G13: =IF(C13,1,0) -> 1 | H13: =IF(D13,1,0) -> 1 | I13: =IF(E13,1,0) -> 1 | M13: Œuf, Avoine, Fromage blanc, Pomme | N13: Poulet curry, carottes & riz | O13: Riz au poulet, tomate & petits pois | U13: Œuf, Avoine, Fromage blanc, Pomme | V13: Poulet curry, carottes & riz | W13: Riz au poulet, tomate & petits pois
A14: Semaine 2 | B14: 46288 | C14: TRUE | D14: TRUE | E14: TRUE | G14: =IF(C14,1,0) -> 1 | H14: =IF(D14,1,0) -> 1 | I14: =IF(E14,1,0) -> 1 | M14: Œuf, Avoine, Fromage blanc, Pomme | N14: Riz au poulet, tomate & petits pois | O14: Pâtes pois chiches, tomate & épinards | U14: Œuf, Avoine, Fromage blanc, Pomme | V14: Riz au poulet, tomate & petits pois | W14: Pâtes pois chiches, tomate & épinards
A15: Semaine 2 | B15: 46289 | C15: TRUE | D15: TRUE | E15: TRUE | G15: =IF(C15,1,0) -> 1 | H15: =IF(D15,1,0) -> 1 | I15: =IF(E15,1,0) -> 1 | M15: Œuf, Avoine, Fromage blanc, Pomme | N15: Pâtes pois chiches, tomate & épinards | O15: Riz lentilles corail, petits pois & carottes | U15: Œuf, Avoine, Fromage blanc, Pomme | V15: Pâtes pois chiches, tomate & épinards | W15: Riz lentilles corail, petits pois & carottes
A16: Semaine 2 | B16: 46290 | C16: TRUE | D16: TRUE | E16: FALSE | G16: =IF(C16,1,0) -> 1 | H16: =IF(D16,1,0) -> 1 | I16: =IF(E16,1,0) -> 0 | M16: Œuf, Avoine, Fromage blanc, Pomme | N16: Riz lentilles corail, petits pois & carottes | O16: Filet de poisson blanc, pommes de terre & haricots verts | U16: Œuf, Avoine, Fromage blanc, Pomme | V16: Riz lentilles corail, petits pois & carottes
A17: Semaine 2 | B17: 46291 | C17: FALSE | D17: FALSE | E17: FALSE | G17: =IF(C17,1,0) -> 0 | H17: =IF(D17,1,0) -> 0 | I17: =IF(E17,1,0) -> 0 | M17: Œuf, Avoine, Fromage blanc, Pomme | N17: Filet de poisson blanc, pommes de terre & haricots verts | O17: Lentilles vertes, tomate & pommes de terre
A18: Semaine 2 | B18: 46292 | C18: FALSE | D18: FALSE | E18: TRUE | G18: =IF(C18,1,0) -> 0 | H18: =IF(D18,1,0) -> 0 | I18: =IF(E18,1,0) -> 1 | M18: Œuf, Avoine, Fromage blanc, Pomme | N18: Lentilles vertes, tomate & pommes de terre | O18: Poulet moutarde, pommes de terre & carottes | W18: Poulet moutarde, pommes de terre & carottes

Sheet Ingrédients
A1: Ingrédients — Prix
A2: Saisissez vos prix réels au kg en colonne D.
A4: ID ingrédient | B4: Ingrédient | C4: Prix estimé €/kg | D4: Prix réel €/kg | E4: Note
A5: I01 | B5: Flocons d’avoine | C5: 1.9 | D5: 6.32 | E5: Estimation paquet économique
A6: I02 | B6: Fromage blanc nature | C6: 2.3 | D6: 1.83 | E6: Estimation pot 1 kg
A7: I03 | B7: Œuf | C7: 5 | D7: =0.26*60/1000 -> 0.0156 | E7: ≈60 g par œuf, prix ramené au kg
A8: I04 | B8: Pomme | C8: 2.13 | D8: 3.99 | E8: Fruit de saison, valeur indicative
A9: I05 | B9: Riz | C9: 2.2 | D9: 4.22 | E9: Paquet 1 kg
A10: I06 | B10: Pâtes | C10: 1.7 | D10: 1.32 | E10: Paquet 1 kg
A11: I07 | B11: Haricots rouges égouttés | C11: 3.96 | E11: Prix ramené au poids égoutté
A12: I08 | B12: Pois chiches égouttés | C12: 3.75 | E12: Prix ramené au poids égoutté
A13: I09 | B13: Tomates concassées | C13: 2.13 | D13: 1.99 | E13: Boîte 400 g
A14: I10 | B14: Oignon | C14: 1.8 | D14: 1.53
A15: I11 | B15: Carotte | C15: 1.5 | D15: 1.99
A16: I12 | B16: Poulet | C16: 7.9 | D16: 11.75 | E16: Choisir le morceau le moins cher / promo
A17: I13 | B17: Épinards surgelés | C17: 2.5
A18: I14 | B18: Lentilles corail | C18: 3.6 | D18: 4.72 | E18: Paquet 500 g
A19: I15 | B19: Lentilles vertes | C19: 3 | E19: Paquet 500 g
A20: I16 | B20: Semoule | C20: 2.4 | E20: Paquet 500 g
A21: I17 | B21: Légumes mélangés surgelés | C21: 2.3
A22: I18 | B22: Pommes de terre | C22: 1.6 | E22: Sac économique
A23: I19 | B23: Haricots verts surgelés | C23: 2.6
A24: I20 | B24: Thon au naturel égoutté | C24: 11.43 | D24: 15.93 | E24: Prix ramené au poids égoutté
A25: I21 | B25: Petits pois surgelés | C25: 2.2
A26: I22 | B26: Filet de poisson blanc | C26: 11.25 | E26: Cabillaud, colin, lieu ou équivalent
A27: I23 | B27: Curry | C27: 25 | E27: Petit pot
A28: I24 | B28: Paprika | C28: 25 | E28: Petit pot
A29: I25 | B29: Cumin | C29: 25 | E29: Petit pot
A30: I26 | B30: Moutarde | C30: 3.43 | E30: Pot ~350 g
A31: I27 | B31: Herbes séchées | C31: 30 | E31: Petit pot
A32: I28 | B32: Huile | C32: 3.5 | E32: Estimation ramenée au kg
A33: I29 | B33: Lait de coco | E33: Pas kg mais L

Sheet Courses
A3: ="Prix estimé : " & ROUND(SUM(F6:F100),2) & "€ ; Total réel : " & ROUND(SUM(G6:G101),2) & "€ ; Ecart moyen : " & ROUND(AVERAGE(H6:H101),2) & "€" -> Prix estimé : 41,58€ ; Total réel : 37,27€ ; Ecart moyen : 0,18€
A5: Ingrédient | B5: Besoin calculé (kg) | C5: Qté en stock (unité ou kg) | D5: Qté à acheter (kg) | E5: Prix estimé €/kg | F5: Coût estimé | G5: Coût réel | H5: Écart | I5: Note | L5: Repas | M5: Portions
A6: {=_xlfn._xlws.SORT(_xlfn.UNIQUE(_xlfn._xlws.FILTER(Detail_recettes!$C$5:$C$200,(Detail_recettes!$C$5:$C$200<>"")*(_xlfn.XLOOKUP(Detail_recettes!$B$5:$B$200,$L$6:$L$18,$M$6:$M$18,0)>0))))} -> Carotte | B6: {=IF(A6="","",SUMPRODUCT((Detail_recettes!$C$5:$C$200=A6)*Detail_recettes!$E$5:$E$200*_xlfn.XLOOKUP(Detail_recettes!$B$5:$B$200,$L$6:$L$18,$M$6:$M$18,0))/1000)} -> 1.6 | D6: =IF(B6="","",B6-C6) -> 1.6 | E6: {=_xlfn.XLOOKUP(_xlfn.ANCHORARRAY(A6),Ingrédients!$B$5:$B$1000,Ingrédients!$C$5:$C$1000)} -> 1.5 | F6: =IF(D6="","",D6*E6) -> 2.4 | G6: =IF(A6="","",_xlfn.XLOOKUP(A6,Ingrédients!$B$5:$B$1000,Ingrédients!$D$5:$D$1000)*D6) -> 3.184 | H6: =IF(F6="","",F6-G6) -> -0.784 | L6: {=_xlfn.LET(_xlpm.t,_xlfn.TOCOL('Repas prévus'!U5:W18),_xlpm.u,_xlfn.UNIQUE(_xlfn._xlws.FILTER(_xlpm.t,_xlpm.t<>"")),_xlfn.HSTACK(_xlpm.u,COUNTIF('Repas prévus'!U5:W18,_xlpm.u)))} -> Poulet moutarde, pommes de terre & carottes | M6: 2
A7: Curry | B7: {=IF(A7="","",SUMPRODUCT((Detail_recettes!$C$5:$C$200=A7)*Detail_recettes!$E$5:$E$200*_xlfn.XLOOKUP(Detail_recettes!$B$5:$B$200,$L$6:$L$18,$M$6:$M$18,0))/1000)} -> 0.038 | D7: =IF(B7="","",B7-C7) -> 0.038 | E7: 25 | F7: =IF(D7="","",D7*E7) -> 0.95 | G7: =IF(A7="","",_xlfn.XLOOKUP(A7,Ingrédients!$B$5:$B$1000,Ingrédients!$D$5:$D$1000)*D7) -> 0 | H7: =IF(F7="","",F7-G7) -> 0.95 | L7: Poulet curry, carottes & riz | M7: 4
A8: Épinards surgelés | B8: {=IF(A8="","",SUMPRODUCT((Detail_recettes!$C$5:$C$200=A8)*Detail_recettes!$E$5:$E$200*_xlfn.XLOOKUP(Detail_recettes!$B$5:$B$200,$L$6:$L$18,$M$6:$M$18,0))/1000)} -> 0.6 | D8: =IF(B8="","",B8-C8) -> 0.6 | E8: 2.5 | F8: =IF(D8="","",D8*E8) -> 1.5 | G8: =IF(A8="","",_xlfn.XLOOKUP(A8,Ingrédients!$B$5:$B$1000,Ingrédients!$D$5:$D$1000)*D8) -> 0 | H8: =IF(F8="","",F8-G8) -> 1.5 | L8: Pâtes au thon, tomate & épinards | M8: 2
A9: Flocons d’avoine | B9: {=IF(A9="","",SUMPRODUCT((Detail_recettes!$C$5:$C$200=A9)*Detail_recettes!$E$5:$E$200*_xlfn.XLOOKUP(Detail_recettes!$B$5:$B$200,$L$6:$L$18,$M$6:$M$18,0))/1000)} -> 0.35 | D9: =IF(B9="","",B9-C9) -> 0.35 | E9: 1.9 | F9: =IF(D9="","",D9*E9) -> 0.665 | G9: =IF(A9="","",_xlfn.XLOOKUP(A9,Ingrédients!$B$5:$B$1000,Ingrédients!$D$5:$D$1000)*D9) -> 2.212 | H9: =IF(F9="","",F9-G9) -> -1.547 | L9: Dhal lentilles corail, carottes & riz | M9: 2
A10: Fromage blanc nature | B10: {=IF(A10="","",SUMPRODUCT((Detail_recettes!$C$5:$C$200=A10)*Detail_recettes!$E$5:$E$200*_xlfn.XLOOKUP(Detail_recettes!$B$5:$B$200,$L$6:$L$18,$M$6:$M$18,0))/1000)} -> 1.45 | D10: =IF(B10="","",B10-C10) -> 1.45 | E10: 2.3 | F10: =IF(D10="","",D10*E10) -> 3.335 | G10: =IF(A10="","",_xlfn.XLOOKUP(A10,Ingrédients!$B$5:$B$1000,Ingrédients!$D$5:$D$1000)*D10) -> 2.6535 | H10: =IF(F10="","",F10-G10) -> 0.6815 | L10: Semoule, pois chiches & légumes | M10: 2
A11: Herbes séchées | B11: {=IF(A11="","",SUMPRODUCT((Detail_recettes!$C$5:$C$200=A11)*Detail_recettes!$E$5:$E$200*_xlfn.XLOOKUP(Detail_recettes!$B$5:$B$200,$L$6:$L$18,$M$6:$M$18,0))/1000)} -> 0.005 | D11: =IF(B11="","",B11-C11) -> 0.005 | E11: 30 | F11: =IF(D11="","",D11*E11) -> 0.15 | G11: =IF(A11="","",_xlfn.XLOOKUP(A11,Ingrédients!$B$5:$B$1000,Ingrédients!$D$5:$D$1000)*D11) -> 0 | H11: =IF(F11="","",F11-G11) -> 0.15 | L11: Bolognaise de lentilles & pâtes | M11: 2
A12: Huile | B12: {=IF(A12="","",SUMPRODUCT((Detail_recettes!$C$5:$C$200=A12)*Detail_recettes!$E$5:$E$200*_xlfn.XLOOKUP(Detail_recettes!$B$5:$B$200,$L$6:$L$18,$M$6:$M$18,0))/1000)} -> 0.044 | D12: =IF(B12="","",B12-C12) -> 0.044 | E12: 3.5 | F12: =IF(D12="","",D12*E12) -> 0.154 | G12: =IF(A12="","",_xlfn.XLOOKUP(A12,Ingrédients!$B$5:$B$1000,Ingrédients!$D$5:$D$1000)*D12) -> 0 | H12: =IF(F12="","",F12-G12) -> 0.154 | L12: Œuf, Avoine, Fromage blanc, Pomme | M12: 5
A13: Légumes mélangés surgelés | B13: {=IF(A13="","",SUMPRODUCT((Detail_recettes!$C$5:$C$200=A13)*Detail_recettes!$E$5:$E$200*_xlfn.XLOOKUP(Detail_recettes!$B$5:$B$200,$L$6:$L$18,$M$6:$M$18,0))/1000)} -> 0.4 | D13: =IF(B13="","",B13-C13) -> 0.4 | E13: 2.3 | F13: =IF(D13="","",D13*E13) -> 0.92 | G13: =IF(A13="","",_xlfn.XLOOKUP(A13,Ingrédients!$B$5:$B$1000,Ingrédients!$D$5:$D$1000)*D13) -> 0 | H13: =IF(F13="","",F13-G13) -> 0.92 | L13: Riz au poulet, tomate & petits pois | M13: 2
A14: Lentilles corail | B14: {=IF(A14="","",SUMPRODUCT((Detail_recettes!$C$5:$C$200=A14)*Detail_recettes!$E$5:$E$200*_xlfn.XLOOKUP(Detail_recettes!$B$5:$B$200,$L$6:$L$18,$M$6:$M$18,0))/1000)} -> 0.5 | D14: =IF(B14="","",B14-C14) -> 0.5 | E14: 3.6 | F14: =IF(D14="","",D14*E14) -> 1.8 | G14: =IF(A14="","",_xlfn.XLOOKUP(A14,Ingrédients!$B$5:$B$1000,Ingrédients!$D$5:$D$1000)*D14) -> 2.36 | H14: =IF(F14="","",F14-G14) -> -0.56 | L14: Pâtes pois chiches, tomate & épinards | M14: 2
A15: Lentilles vertes | B15: {=IF(A15="","",SUMPRODUCT((Detail_recettes!$C$5:$C$200=A15)*Detail_recettes!$E$5:$E$200*_xlfn.XLOOKUP(Detail_recettes!$B$5:$B$200,$L$6:$L$18,$M$6:$M$18,0))/1000)} -> 0.26 | D15: =IF(B15="","",B15-C15) -> 0.26 | E15: 3 | F15: =IF(D15="","",D15*E15) -> 0.78 | G15: =IF(A15="","",_xlfn.XLOOKUP(A15,Ingrédients!$B$5:$B$1000,Ingrédients!$D$5:$D$1000)*D15) -> 0 | H15: =IF(F15="","",F15-G15) -> 0.78 | L15: Riz lentilles corail, petits pois & carottes | M15: 2
A16: Moutarde | B16: {=IF(A16="","",SUMPRODUCT((Detail_recettes!$C$5:$C$200=A16)*Detail_recettes!$E$5:$E$200*_xlfn.XLOOKUP(Detail_recettes!$B$5:$B$200,$L$6:$L$18,$M$6:$M$18,0))/1000)} -> 0.02 | D16: =IF(B16="","",B16-C16) -> 0.02 | E16: 3.43 | F16: =IF(D16="","",D16*E16) -> 0.0686 | G16: =IF(A16="","",_xlfn.XLOOKUP(A16,Ingrédients!$B$5:$B$1000,Ingrédients!$D$5:$D$1000)*D16) -> 0 | H16: =IF(F16="","",F16-G16) -> 0.0686
A17: Œuf | B17: {=IF(A17="","",SUMPRODUCT((Detail_recettes!$C$5:$C$200=A17)*Detail_recettes!$E$5:$E$200*_xlfn.XLOOKUP(Detail_recettes!$B$5:$B$200,$L$6:$L$18,$M$6:$M$18,0))/1000)} -> 0.3 | D17: =IF(B17="","",B17-C17) -> 0.3 | E17: 5 | F17: =IF(D17="","",D17*E17) -> 1.5 | G17: =IF(A17="","",_xlfn.XLOOKUP(A17,Ingrédients!$B$5:$B$1000,Ingrédients!$D$5:$D$1000)*D17) -> 0.00468 | H17: =IF(F17="","",F17-G17) -> 1.49532
A18: Oignon | B18: {=IF(A18="","",SUMPRODUCT((Detail_recettes!$C$5:$C$200=A18)*Detail_recettes!$E$5:$E$200*_xlfn.XLOOKUP(Detail_recettes!$B$5:$B$200,$L$6:$L$18,$M$6:$M$18,0))/1000)} -> 1.35 | D18: =IF(B18="","",B18-C18) -> 1.35 | E18: 1.8 | F18: =IF(D18="","",D18*E18) -> 2.43 | G18: =IF(A18="","",_xlfn.XLOOKUP(A18,Ingrédients!$B$5:$B$1000,Ingrédients!$D$5:$D$1000)*D18) -> 2.0655 | H18: =IF(F18="","",F18-G18) -> 0.3645
A19: Paprika | B19: {=IF(A19="","",SUMPRODUCT((Detail_recettes!$C$5:$C$200=A19)*Detail_recettes!$E$5:$E$200*_xlfn.XLOOKUP(Detail_recettes!$B$5:$B$200,$L$6:$L$18,$M$6:$M$18,0))/1000)} -> 0.012 | D19: =IF(B19="","",B19-C19) -> 0.012 | E19: 25 | F19: =IF(D19="","",D19*E19) -> 0.3 | G19: =IF(A19="","",_xlfn.XLOOKUP(A19,Ingrédients!$B$5:$B$1000,Ingrédients!$D$5:$D$1000)*D19) -> 0 | H19: =IF(F19="","",F19-G19) -> 0.3
A20: Pâtes | B20: {=IF(A20="","",SUMPRODUCT((Detail_recettes!$C$5:$C$200=A20)*Detail_recettes!$E$5:$E$200*_xlfn.XLOOKUP(Detail_recettes!$B$5:$B$200,$L$6:$L$18,$M$6:$M$18,0))/1000)} -> 0.54 | D20: =IF(B20="","",B20-C20) -> 0.54 | E20: 1.7 | F20: =IF(D20="","",D20*E20) -> 0.918 | G20: =IF(A20="","",_xlfn.XLOOKUP(A20,Ingrédients!$B$5:$B$1000,Ingrédients!$D$5:$D$1000)*D20) -> 0.7128 | H20: =IF(F20="","",F20-G20) -> 0.2052
A21: Petits pois surgelés | B21: {=IF(A21="","",SUMPRODUCT((Detail_recettes!$C$5:$C$200=A21)*Detail_recettes!$E$5:$E$200*_xlfn.XLOOKUP(Detail_recettes!$B$5:$B$200,$L$6:$L$18,$M$6:$M$18,0))/1000)} -> 0.6 | D21: =IF(B21="","",B21-C21) -> 0.6 | E21: 2.2 | F21: =IF(D21="","",D21*E21) -> 1.32 | G21: =IF(A21="","",_xlfn.XLOOKUP(A21,Ingrédients!$B$5:$B$1000,Ingrédients!$D$5:$D$1000)*D21) -> 0 | H21: =IF(F21="","",F21-G21) -> 1.32
A22: Pois chiches égouttés | B22: {=IF(A22="","",SUMPRODUCT((Detail_recettes!$C$5:$C$200=A22)*Detail_recettes!$E$5:$E$200*_xlfn.XLOOKUP(Detail_recettes!$B$5:$B$200,$L$6:$L$18,$M$6:$M$18,0))/1000)} -> 0.96 | D22: =IF(B22="","",B22-C22) -> 0.96 | E22: 3.75 | F22: =IF(D22="","",D22*E22) -> 3.6 | G22: =IF(A22="","",_xlfn.XLOOKUP(A22,Ingrédients!$B$5:$B$1000,Ingrédients!$D$5:$D$1000)*D22) -> 0 | H22: =IF(F22="","",F22-G22) -> 3.6
A23: Pomme | B23: {=IF(A23="","",SUMPRODUCT((Detail_recettes!$C$5:$C$200=A23)*Detail_recettes!$E$5:$E$200*_xlfn.XLOOKUP(Detail_recettes!$B$5:$B$200,$L$6:$L$18,$M$6:$M$18,0))/1000)} -> 0.75 | D23: =IF(B23="","",B23-C23) -> 0.75 | E23: 2.13 | F23: =IF(D23="","",D23*E23) -> 1.5975 | G23: =IF(A23="","",_xlfn.XLOOKUP(A23,Ingrédients!$B$5:$B$1000,Ingrédients!$D$5:$D$1000)*D23) -> 2.9925 | H23: =IF(F23="","",F23-G23) -> -1.395
A24: Pommes de terre | B24: {=IF(A24="","",SUMPRODUCT((Detail_recettes!$C$5:$C$200=A24)*Detail_recettes!$E$5:$E$200*_xlfn.XLOOKUP(Detail_recettes!$B$5:$B$200,$L$6:$L$18,$M$6:$M$18,0))/1000)} -> 0.65 | D24: =IF(B24="","",B24-C24) -> 0.65 | E24: 1.6 | F24: =IF(D24="","",D24*E24) -> 1.04 | G24: =IF(A24="","",_xlfn.XLOOKUP(A24,Ingrédients!$B$5:$B$1000,Ingrédients!$D$5:$D$1000)*D24) -> 0 | H24: =IF(F24="","",F24-G24) -> 1.04
A25: Poulet | B25: {=IF(A25="","",SUMPRODUCT((Detail_recettes!$C$5:$C$200=A25)*Detail_recettes!$E$5:$E$200*_xlfn.XLOOKUP(Detail_recettes!$B$5:$B$200,$L$6:$L$18,$M$6:$M$18,0))/1000)} -> 0.94 | D25: =IF(B25="","",B25-C25) -> 0.94 | E25: 7.9 | F25: =IF(D25="","",D25*E25) -> 7.426 | G25: =IF(A25="","",_xlfn.XLOOKUP(A25,Ingrédients!$B$5:$B$1000,Ingrédients!$D$5:$D$1000)*D25) -> 11.045 | H25: =IF(F25="","",F25-G25) -> -3.619
A26: Riz | B26: {=IF(A26="","",SUMPRODUCT((Detail_recettes!$C$5:$C$200=A26)*Detail_recettes!$E$5:$E$200*_xlfn.XLOOKUP(Detail_recettes!$B$5:$B$200,$L$6:$L$18,$M$6:$M$18,0))/1000)} -> 0.72 | D26: =IF(B26="","",B26-C26) -> 0.72 | E26: 2.2 | F26: =IF(D26="","",D26*E26) -> 1.584 | G26: =IF(A26="","",_xlfn.XLOOKUP(A26,Ingrédients!$B$5:$B$1000,Ingrédients!$D$5:$D$1000)*D26) -> 3.0384 | H26: =IF(F26="","",F26-G26) -> -1.4544
A27: Semoule | B27: {=IF(A27="","",SUMPRODUCT((Detail_recettes!$C$5:$C$200=A27)*Detail_recettes!$E$5:$E$200*_xlfn.XLOOKUP(Detail_recettes!$B$5:$B$200,$L$6:$L$18,$M$6:$M$18,0))/1000)} -> 0.18 | D27: =IF(B27="","",B27-C27) -> 0.18 | E27: 2.4 | F27: =IF(D27="","",D27*E27) -> 0.432 | G27: =IF(A27="","",_xlfn.XLOOKUP(A27,Ingrédients!$B$5:$B$1000,Ingrédients!$D$5:$D$1000)*D27) -> 0 | H27: =IF(F27="","",F27-G27) -> 0.432
... A29: Tomates concassées | B29: {=IF(A29="","",SUMPRODUCT((Detail_recettes!$C$5:$C$200=A29)*Detail_recettes!$E$5:$E$200*_xlfn.XLOOKUP(Detail_recettes!$B$5:$B$200,$L$6:$L$18,$M$6:$M$18,0))/1000)} -> 2.4 | D29: =IF(B29="","",B29-C29) -> 2.4 | E29: 2.13 | F29: =IF(D29="","",D29*E29) -> 5.112 | G29: =IF(A29="","",_xlfn.XLOOKUP(A29,Ingrédients!$B$5:$B$1000,Ingrédients!$D$5:$D$1000)*D29) -> 4.776 | H29: =IF(F29="","",F29-G29) -> 0.336
B30: {=IF(A30="","",SUMPRODUCT((Detail_recettes!$C$5:$C$200=A30)*Detail_recettes!$E$5:$E$200*_xlfn.XLOOKUP(Detail_recettes!$B$5:$B$200,$L$6:$L$18,$M$6:$M$18,0))/1000)} | D30: =IF(B30="","",B30-C30) | F30: =IF(D30="","",D30*E30) | G30: =IF(A30="","",_xlfn.XLOOKUP(A30,Ingrédients!$B$5:$B$1000,Ingrédients!$D$5:$D$1000)*D30) | H30: =IF(F30="","",F30-G30)
B31: {=IF(A31="","",SUMPRODUCT((Detail_recettes!$C$5:$C$200=A31)*Detail_recettes!$E$5:$E$200*_xlfn.XLOOKUP(Detail_recettes!$B$5:$B$200,$L$6:$L$18,$M$6:$M$18,0))/1000)} | D31: =IF(B31="","",B31-C31) | F31: =IF(D31="","",D31*E31) | G31: =IF(A31="","",_xlfn.XLOOKUP(A31,Ingrédients!$B$5:$B$1000,Ingrédients!$D$5:$D$1000)*D31) | H31: =IF(F31="","",F31-G31)
B32: {=IF(A32="","",SUMPRODUCT((Detail_recettes!$C$5:$C$200=A32)*Detail_recettes!$E$5:$E$200*_xlfn.XLOOKUP(Detail_recettes!$B$5:$B$200,$L$6:$L$18,$M$6:$M$18,0))/1000)} | D32: =IF(B32="","",B32-C32) | F32: =IF(D32="","",D32*E32) | G32: =IF(A32="","",_xlfn.XLOOKUP(A32,Ingrédients!$B$5:$B$1000,Ingrédients!$D$5:$D$1000)*D32) | H32: =IF(F32="","",F32-G32)
B33: {=IF(A33="","",SUMPRODUCT((Detail_recettes!$C$5:$C$200=A33)*Detail_recettes!$E$5:$E$200*_xlfn.XLOOKUP(Detail_recettes!$B$5:$B$200,$L$6:$L$18,$M$6:$M$18,0))/1000)} | D33: =IF(B33="","",B33-C33) | F33: =IF(D33="","",D33*E33) | G33: =IF(A33="","",_xlfn.XLOOKUP(A33,Ingrédients!$B$5:$B$1000,Ingrédients!$D$5:$D$1000)*D33) | H33: =IF(F33="","",F33-G33)
B34: {=IF(A34="","",SUMPRODUCT((Detail_recettes!$C$5:$C$200=A34)*Detail_recettes!$E$5:$E$200*_xlfn.XLOOKUP(Detail_recettes!$B$5:$B$200,$L$6:$L$18,$M$6:$M$18,0))/1000)} | D34: =IF(B34="","",B34-C34) | F34: =IF(D34="","",D34*E34) | G34: =IF(A34="","",_xlfn.XLOOKUP(A34,Ingrédients!$B$5:$B$1000,Ingrédients!$D$5:$D$1000)*D34) | H34: =IF(F34="","",F34-G34)
B35: {=IF(A35="","",SUMPRODUCT((Detail_recettes!$C$5:$C$200=A35)*Detail_recettes!$E$5:$E$200*_xlfn.XLOOKUP(Detail_recettes!$B$5:$B$200,$L$6:$L$18,$M$6:$M$18,0))/1000)} | D35: =IF(B35="","",B35-C35) | F35: =IF(D35="","",D35*E35) | G35: =IF(A35="","",_xlfn.XLOOKUP(A35,Ingrédients!$B$5:$B$1000,Ingrédients!$D$5:$D$1000)*D35) | H35: =IF(F35="","",F35-G35)
B36: {=IF(A36="","",SUMPRODUCT((Detail_recettes!$C$5:$C$200=A36)*Detail_recettes!$E$5:$E$200*_xlfn.XLOOKUP(Detail_recettes!$B$5:$B$200,$L$6:$L$18,$M$6:$M$18,0))/1000)} | D36: =IF(B36="","",B36-C36) | F36: =IF(D36="","",D36*E36) | G36: =IF(A36="","",_xlfn.XLOOKUP(A36,Ingrédients!$B$5:$B$1000,Ingrédients!$D$5:$D$1000)*D36) | H36: =IF(F36="","",F36-G36)
B37: {=IF(A37="","",SUMPRODUCT((Detail_recettes!$C$5:$C$200=A37)*Detail_recettes!$E$5:$E$200*_xlfn.XLOOKUP(Detail_recettes!$B$5:$B$200,$L$6:$L$18,$M$6:$M$18,0))/1000)} | D37: =IF(B37="","",B37-C37) | F37: =IF(D37="","",D37*E37) | G37: =IF(A37="","",_xlfn.XLOOKUP(A37,Ingrédients!$B$5:$B$1000,Ingrédients!$D$5:$D$1000)*D37) | H37: =IF(F37="","",F37-G37)
B38: {=IF(A38="","",SUMPRODUCT((Detail_recettes!$C$5:$C$200=A38)*Detail_recettes!$E$5:$E$200*_xlfn.XLOOKUP(Detail_recettes!$B$5:$B$200,$L$6:$L$18,$M$6:$M$18,0))/1000)} | D38: =IF(B38="","",B38-C38) | F38: =IF(D38="","",D38*E38) | G38: =IF(A38="","",_xlfn.XLOOKUP(A38,Ingrédients!$B$5:$B$1000,Ingrédients!$D$5:$D$1000)*D38) | H38: =IF(F38="","",F38-G38)
B39: {=IF(A39="","",SUMPRODUCT((Detail_recettes!$C$5:$C$200=A39)*Detail_recettes!$E$5:$E$200*_xlfn.XLOOKUP(Detail_recettes!$B$5:$B$200,$L$6:$L$18,$M$6:$M$18,0))/1000)} | D39: =IF(B39="","",B39-C39) | F39: =IF(D39="","",D39*E39) | G39: =IF(A39="","",_xlfn.XLOOKUP(A39,Ingrédients!$B$5:$B$1000,Ingrédients!$D$5:$D$1000)*D39) | H39: =IF(F39="","",F39-G39)
B40: {=IF(A40="","",SUMPRODUCT((Detail_recettes!$C$5:$C$200=A40)*Detail_recettes!$E$5:$E$200*_xlfn.XLOOKUP(Detail_recettes!$B$5:$B$200,$L$6:$L$18,$M$6:$M$18,0))/1000)} | D40: =IF(B40="","",B40-C40) | F40: =IF(D40="","",D40*E40) | G40: =IF(A40="","",_xlfn.XLOOKUP(A40,Ingrédients!$B$5:$B$1000,Ingrédients!$D$5:$D$1000)*D40) | H40: =IF(F40="","",F40-G40)
B41: {=IF(A41="","",SUMPRODUCT((Detail_recettes!$C$5:$C$200=A41)*Detail_recettes!$E$5:$E$200*_xlfn.XLOOKUP(Detail_recettes!$B$5:$B$200,$L$6:$L$18,$M$6:$M$18,0))/1000)} | D41: =IF(B41="","",B41-C41) | F41: =IF(D41="","",D41*E41) | G41: =IF(A41="","",_xlfn.XLOOKUP(A41,Ingrédients!$B$5:$B$1000,Ingrédients!$D$5:$D$1000)*D41) | H41: =IF(F41="","",F41-G41)
... B101: {=IF(A101="","",SUMPRODUCT((Detail_recettes!$C$5:$C$200=A101)*Detail_recettes!$E$5:$E$200*_xlfn.XLOOKUP(Detail_recettes!$B$5:$B$200,$L$6:$L$18,$M$6:$M$18,0))/1000)} | D101: =IF(B101="","",B101-C101) | F101: =IF(D101="","",D101*E101) | G101: =IF(A101="","",_xlfn.XLOOKUP(A101,Ingrédients!$B$5:$B$1000,Ingrédients!$D$5:$D$1000)*D101) | H101: =IF(F101="","",F101-G101)

Sheet Banque_recettes
A1: Recettes — base de données
A2: Une ligne = une recette. Les lignes 5 à 104 sont réservées à la base : ajoutez vos futures recettes sous les recettes existantes.
A4: ID | B4: Nom de la recette | C4: Type | D4: Temps | E4: Tout-en-un ? | F4: Préparation | G4: Conservation / notes
A5: PDJ1 | B5: Œuf, Avoine, Fromage blanc, Pomme | C5: Végétarien | D5: 10 min | E5: Non
A6: PDJ2
A7: R1 | B7: Chili haricots rouges & riz | C7: Végétarien | D7: 25 min | E7: Oui | F7: Émincer oignon et carottes. Faire revenir 3 min avec un peu d’huile. Ajouter tomates, haricots rincés, épices et 250 ml d’eau. Ajouter le riz, couvrir et cuire 15–18 min. | G7: 1 portion le soir, 1 au frais pour le lendemain midi.
A8: R2 | B8: Poulet curry, carottes & riz | C8: Non végétarien | D8: 25 min | E8: Oui | F8: Faire dorer poulet et oignon 5 min. Ajouter carottes, curry, riz, lentilles corail et environ 430 ml d’eau. Couvrir 15–18 min. Hors du feu, incorporer le fromage blanc. | G8: Refroidir rapidement la portion du midi puis réfrigérer.
A9: R3 | B9: Pâtes au thon, tomate & épinards | C9: Non végétarien | D9: 20 min | E9: Oui | F9: Mettre tomate, oignon, épinards et 300 ml d’eau dans la casserole. Porter à ébullition, ajouter les pâtes. Ajouter le thon égoutté 2 min avant la fin. | G9: Se réchauffe bien le lendemain.
A10: R4 | B10: Dhal lentilles corail, carottes & riz | C10: Végétarien | D10: 25 min | E10: Oui | F10: Rincer lentilles et riz. Mettre tous les ingrédients avec environ 700 ml d’eau et le curry. Cuire 18–22 min à feu doux en remuant régulièrement. | G10: Ajouter un peu d’eau au réchauffage.
A11: R5 | B11: Semoule, pois chiches & légumes | C11: Végétarien | D11: 15 min | E11: Oui | F11: Chauffer tomates, légumes, pois chiches et épices 8–10 min. Ajouter 220 ml d’eau. À ébullition couper le feu, verser la semoule, couvrir 5 min puis égrainer. | G11: Bon chaud ou tiède le lendemain.
A12: R6 | B12: Poulet, pommes de terre & haricots verts | C12: Non végétarien | D12: 30 min | E12: Oui | F12: Faire dorer poulet et oignon 5 min. Ajouter pommes de terre, lentilles vertes, paprika et environ 500 ml d’eau. Couvrir 20 min. Ajouter les haricots verts 8–10 min. | G12: Réchauffer à cœur le lendemain.
A13: R7 | B13: Bolognaise de lentilles & pâtes | C13: Végétarien | D13: 25 min | E13: Oui | F13: Cuire les lentilles 15 min puis égoutter. Remettre avec tomate, carotte râpée, oignon et 350 ml d’eau. Ajouter les pâtes et cuire jusqu’à tendreté. | G13: Ajouter un trait d’eau au réchauffage.
A14: R8 | B14: Riz au poulet, tomate & petits pois | C14: Non végétarien | D14: 20 min | E14: Oui | F14: Faire revenir poulet et oignon 4–5 min. Ajouter riz, tomate, petits pois, paprika et 300 ml d’eau. Couvrir et cuire 15–18 min. | G14: Refroidir rapidement la portion du lendemain.
A15: R9 | B15: Poulet moutarde, pommes de terre & carottes | C15: Non végétarien | D15: 30 min | E15: Oui | F15: Faire dorer poulet et oignon. Ajouter pommes de terre, carottes, lentilles vertes et environ 500 ml d’eau. Couvrir 22–25 min. Mélanger la moutarde en fin de cuisson. | G15: Se conserve 24–48 h au réfrigérateur.
A16: R10 | B16: Pâtes pois chiches, tomate & épinards | C16: Végétarien | D16: 20 min | E16: Oui | F16: Mettre pois chiches, tomate, épinards, oignon et 300 ml d’eau. Porter à ébullition. Ajouter les pâtes et cuire en remuant. | G16: Très pratique en lunchbox.
A17: R11 | B17: Riz lentilles corail, petits pois & carottes | C17: Végétarien | D17: 20 min | E17: Oui | F17: Rincer riz et lentilles. Mettre tous les ingrédients avec environ 650 ml d’eau et le curry. Cuire 18–22 min à feu doux en remuant régulièrement. | G17: Ajouter un trait d’eau au réchauffage si nécessaire.
A18: R12 | B18: Lentilles vertes, tomate & pommes de terre | C18: Végétarien | D18: 30 min | E18: Oui | F18: Rincer les lentilles. Mettre lentilles, pommes de terre, carottes, tomate, oignon, paprika et environ 650 ml d’eau. Cuire 25–30 min à feu doux. | G18: Plat très rassasiant.
... A20: R14 | B20: Filet de poisson blanc, pommes de terre & haricots verts | C20: Non végétarien | D20: 25 min | E20: Oui | F20: Cuire les pommes de terre en cubes 10 min. Ajouter les haricots verts puis poser les filets de poisson par-dessus. Couvrir 8–10 min. Mélanger fromage blanc et moutarde aux légumes. | G20: Réchauffer doucement pour ne pas dessécher le poisson.
A21: R15 | B21: Poulet, curry, riz, lait de coco, légumes | C21: Non végétarien | E21: Oui | F21: Coupe et fais revenir le poulet 5 min dans la casserole avec un peu d'huile. Ajoute curry, riz rincé, pois chiches égouttés, légumes, lait de coco et 250 ml d'eau. Sale. Couvre et cuis à feu doux 15–18 min, en mélangeant 2–3 fois. Ajoute un peu d'eau si le riz absorbe tout trop vite.

Sheet Detail_recettes
A1: Ccomposition technique
A2: Composition technique des recettes
A4: ID recette | B4: Recette | C4: Ingrédient | D4: Qté recette (2 portions, g) | E4: Qté / portion (g) | F4: Note
A5: PDJ1 | B5: Œuf, Avoine, Fromage blanc, Pomme | C5: Flocons d’avoine | E5: 70
A6: PDJ1 | B6: Œuf, Avoine, Fromage blanc, Pomme | C6: Fromage blanc nature | E6: 250
A7: PDJ1 | B7: Œuf, Avoine, Fromage blanc, Pomme | C7: Œuf | E7: 60
A8: PDJ1 | B8: Œuf, Avoine, Fromage blanc, Pomme | C8: Pomme | E8: 150
A9: R1 | B9: Chili haricots rouges & riz | C9: Riz | D9: 160 | E9: 80
A10: R1 | B10: Chili haricots rouges & riz | C10: Haricots rouges égouttés | D10: 480 | E10: 240
A11: R1 | B11: Chili haricots rouges & riz | C11: Tomates concassées | D11: 400 | E11: 200
A12: R1 | B12: Chili haricots rouges & riz | C12: Oignon | D12: 150 | E12: 75
A13: R1 | B13: Chili haricots rouges & riz | C13: Carotte | D13: 200 | E13: 100
A14: R1 | B14: Chili haricots rouges & riz | C14: Paprika | D14: 6 | E14: 3
A15: R1 | B15: Chili haricots rouges & riz | C15: Cumin | D15: 4 | E15: 2
A16: R1 | B16: Chili haricots rouges & riz | C16: Huile | D16: 12 | E16: 6
A17: R2 | B17: Poulet curry, carottes & riz | C17: Poulet | D17: 240 | E17: 120
A18: R2 | B18: Poulet curry, carottes & riz | C18: Riz | D18: 140 | E18: 70
A19: R2 | B19: Poulet curry, carottes & riz | C19: Lentilles corail | D19: 80 | E19: 40
A20: R2 | B20: Poulet curry, carottes & riz | C20: Carotte | D20: 300 | E20: 150
... A104: R15 | B104: Poulet, curry, riz, lait de coco, légumes | C104: Huile | D104: 10 | E104: 5

Sheet Avis
A1: Avis — une ligne par recette
A2: Les colonnes ID et Recette se remplissent automatiquement
A4: ID | B4: Recette | C4: Testée ? | D4: Note /5 | E4: Satiété | F4: Portion prochaine fois | G4: Facilité | H4: À refaire ? | I4: Commentaire / modifications
A5: {=_xlfn.UNIQUE(Banque_recettes!$A$5:$B$100)} -> PDJ1 | B5: Œuf, Avoine, Fromage blanc, Pomme | C5: TRUE | D5: 3 | E5: Très rassasiant | F5: Garder | G5: Très facile | I5: Sec et pas agréable à manger mais fait le taffe
A6: PDJ2 | B6: 0 | C6: FALSE
A7: R1 | B7: Chili haricots rouges & riz | C7: FALSE
A8: R2 | B8: Poulet curry, carottes & riz | C8: TRUE | D8: 5 | E8: Très rassasiant | F8: Garder | G8: Pénible | H8: Oui | I8: Un peu long de couper le tout mais c'est vraiment bon
A9: R3 | B9: Pâtes au thon, tomate & épinards | C9: TRUE | D9: 4 | E9: Très rassasiant | F9: Garder | G9: Facile | H9: Non | I9: Le gout du thon réchauffé ou même l'odeur après dans tout l'appart c'est non
A10: R4 | B10: Dhal lentilles corail, carottes & riz | C10: TRUE | D10: 4 | E10: Bien | F10: Garder | G10: Pénible | H10: Oui
A11: R5 | B11: Semoule, pois chiches & légumes | C11: FALSE
A12: R6 | B12: Poulet, pommes de terre & haricots verts | C12: FALSE
A13: R7 | B13: Bolognaise de lentilles & pâtes | C13: TRUE | D13: 5 | E13: Très rassasiant | F13: Garder | G13: Très facile | H13: Oui
A14: R8 | B14: Riz au poulet, tomate & petits pois | C14: TRUE | D14: 4 | E14: Très rassasiant | F14: Garder | G14: Facile | H14: Oui
A15: R9 | B15: Poulet moutarde, pommes de terre & carottes | C15: FALSE
A16: R10 | B16: Pâtes pois chiches, tomate & épinards | C16: TRUE | D16: 4 | E16: Très rassasiant | F16: Garder | G16: Très facile | H16: Oui
A17: R11 | B17: Riz lentilles corail, petits pois & carottes | C17: TRUE | D17: 5 | E17: Très rassasiant | F17: Garder | G17: Moyen | H17: Oui
A18: R12 | B18: Lentilles vertes, tomate & pommes de terre | C18: FALSE
A19: R13 | B19: Poulet paprika, semoule & légumes | C19: FALSE
A20: R14 | B20: Filet de poisson blanc, pommes de terre & haricots verts | C20: FALSE
A21: R15 | B21: Poulet, curry, riz, lait de coco, légumes | C21: FALSE
A22: 0 | B22: 0 | C22: FALSE
C23: FALSE
C24: FALSE
C25: FALSE
C26: FALSE
C27: FALSE
C28: FALSE
C29: FALSE
C30: FALSE
C31: FALSE
C32: FALSE
C33: FALSE
C34: FALSE
... C100: FALSE
